antecedents,consequents,antecedent support,consequent support,support,confidence,lift,representativity,leverage,conviction,zhangs_metric,jaccard,certainty,kulczynski,antecedents_str,consequents_str,rule_str
frozenset({'WOODEN HEART CHRISTMAS SCANDINAVIAN'}),frozenset({'WOODEN STAR CHRISTMAS SCANDINAVIAN'}),0.0282448254813828,0.0265801009932856,0.0204206203873258,0.7229862475442044,27.20028218579145,1.0,0.019669870073493,3.51397679854197,0.9912328750968282,0.5935483870967742,0.7154221392654263,0.7456267354631252,WOODEN HEART CHRISTMAS SCANDINAVIAN,WOODEN STAR CHRISTMAS SCANDINAVIAN,WOODEN HEART CHRISTMAS SCANDINAVIAN → WOODEN STAR CHRISTMAS SCANDINAVIAN
frozenset({'WOODEN STAR CHRISTMAS SCANDINAVIAN'}),frozenset({'WOODEN HEART CHRISTMAS SCANDINAVIAN'}),0.0265801009932856,0.0282448254813828,0.0204206203873258,0.7682672233820459,27.20028218579145,1.0,0.019669870073493,4.193429987337095,0.9895376871904944,0.5935483870967742,0.7615317286756423,0.7456267354631252,WOODEN STAR CHRISTMAS SCANDINAVIAN,WOODEN HEART CHRISTMAS SCANDINAVIAN,WOODEN STAR CHRISTMAS SCANDINAVIAN → WOODEN HEART CHRISTMAS SCANDINAVIAN
"frozenset({'ROSES REGENCY TEACUP AND SAUCER ', 'GREEN REGENCY TEACUP AND SAUCER'})",frozenset({'PINK REGENCY TEACUP AND SAUCER'}),0.0388435713889351,0.0389545530214749,0.0273014816047944,0.7028571428571428,18.043003663003663,1.0,0.0257883476435806,3.234287561946959,0.9827503904044296,0.5406593406593407,0.6908128974784093,0.7018559218559219,"GREEN REGENCY TEACUP AND SAUCER, ROSES REGENCY TEACUP AND SAUCER ",PINK REGENCY TEACUP AND SAUCER,"GREEN REGENCY TEACUP AND SAUCER, ROSES REGENCY TEACUP AND SAUCER  → PINK REGENCY TEACUP AND SAUCER"
"frozenset({'ROSES REGENCY TEACUP AND SAUCER ', 'PINK REGENCY TEACUP AND SAUCER'})",frozenset({'GREEN REGENCY TEACUP AND SAUCER'}),0.0302424948670994,0.0517174407635536,0.0273014816047944,0.9027522935779816,17.45547111863606,1.0,0.0257374171679631,9.751207448752142,0.9721104157711296,0.4994923857868021,0.8974485974936397,0.7153246446430681,"PINK REGENCY TEACUP AND SAUCER, ROSES REGENCY TEACUP AND SAUCER ",GREEN REGENCY TEACUP AND SAUCER,"PINK REGENCY TEACUP AND SAUCER, ROSES REGENCY TEACUP AND SAUCER  → GREEN REGENCY TEACUP AND SAUCER"
"frozenset({'PINK REGENCY TEACUP AND SAUCER', 'GREEN REGENCY TEACUP AND SAUCER'})",frozenset({'ROSES REGENCY TEACUP AND SAUCER '}),0.0319627101714666,0.0530492203540314,0.0273014816047944,0.8541666666666666,16.101399058577403,1.0,0.0256058847497962,6.493376774715212,0.9688610196506092,0.4730769230769231,0.8459969235276882,0.684405509065551,"GREEN REGENCY TEACUP AND SAUCER, PINK REGENCY TEACUP AND SAUCER",ROSES REGENCY TEACUP AND SAUCER ,"GREEN REGENCY TEACUP AND SAUCER, PINK REGENCY TEACUP AND SAUCER → ROSES REGENCY TEACUP AND SAUCER "
frozenset({'GREEN REGENCY TEACUP AND SAUCER'}),frozenset({'PINK REGENCY TEACUP AND SAUCER'}),0.0517174407635536,0.0389545530214749,0.0319627101714666,0.6180257510729614,15.865302079894358,1.0,0.0299480803831077,2.5159953836628803,0.9880698109895256,0.5444234404536863,0.6025429909397677,0.7192692857928911,GREEN REGENCY TEACUP AND SAUCER,PINK REGENCY TEACUP AND SAUCER,GREEN REGENCY TEACUP AND SAUCER → PINK REGENCY TEACUP AND SAUCER
frozenset({'PINK REGENCY TEACUP AND SAUCER'}),frozenset({'GREEN REGENCY TEACUP AND SAUCER'}),0.0389545530214749,0.0517174407635536,0.0319627101714666,0.8205128205128206,15.865302079894356,1.0,0.0299480803831077,5.2832885443173465,0.974948033951152,0.5444234404536863,0.810723947478585,0.7192692857928911,PINK REGENCY TEACUP AND SAUCER,GREEN REGENCY TEACUP AND SAUCER,PINK REGENCY TEACUP AND SAUCER → GREEN REGENCY TEACUP AND SAUCER
frozenset({'SPACEBOY LUNCH BOX '}),frozenset({'DOLLY GIRL LUNCH BOX'}),0.038899062205205,0.0387880805726652,0.0236390877309805,0.6077032810271041,15.667268708711651,1.0,0.0221302677719639,2.4502165655220423,0.974062794782552,0.4373716632443532,0.5918728107256347,0.6085726705564705,SPACEBOY LUNCH BOX ,DOLLY GIRL LUNCH BOX,SPACEBOY LUNCH BOX  → DOLLY GIRL LUNCH BOX
frozenset({'DOLLY GIRL LUNCH BOX'}),frozenset({'SPACEBOY LUNCH BOX '}),0.0387880805726652,0.038899062205205,0.0236390877309805,0.6094420600858369,15.66726870871165,1.0,0.0221302677719639,2.460840862705354,0.973950329386549,0.4373716632443532,0.5936348363052464,0.6085726705564705,DOLLY GIRL LUNCH BOX,SPACEBOY LUNCH BOX ,DOLLY GIRL LUNCH BOX → SPACEBOY LUNCH BOX 
frozenset({'WOODLAND CHARLOTTE BAG'}),frozenset({'STRAWBERRY CHARLOTTE BAG'}),0.0377892458798068,0.0373453193496476,0.0207535652849453,0.5491923641703378,14.70578840224912,1.0,0.0193423138295815,2.135400122224397,0.9686023166737598,0.3816326530612245,0.5317036888813499,0.5524565089796711,WOODLAND CHARLOTTE BAG,STRAWBERRY CHARLOTTE BAG,WOODLAND CHARLOTTE BAG → STRAWBERRY CHARLOTTE BAG
frozenset({'STRAWBERRY CHARLOTTE BAG'}),frozenset({'WOODLAND CHARLOTTE BAG'}),0.0373453193496476,0.0377892458798068,0.0207535652849453,0.5557206537890045,14.705788402249118,1.0,0.0193423138295815,2.165778720812341,0.9681556474016022,0.3816326530612245,0.5382723126834862,0.5524565089796711,STRAWBERRY CHARLOTTE BAG,WOODLAND CHARLOTTE BAG,STRAWBERRY CHARLOTTE BAG → WOODLAND CHARLOTTE BAG
frozenset({'PINK REGENCY TEACUP AND SAUCER'}),frozenset({'ROSES REGENCY TEACUP AND SAUCER '}),0.0389545530214749,0.0530492203540314,0.0302424948670994,0.7763532763532764,14.634584093266104,1.0,0.0281759862000704,4.234136607079428,0.969432521211524,0.4896675651392632,0.76382434182024,0.6732184791808222,PINK REGENCY TEACUP AND SAUCER,ROSES REGENCY TEACUP AND SAUCER ,PINK REGENCY TEACUP AND SAUCER → ROSES REGENCY TEACUP AND SAUCER 
frozenset({'ROSES REGENCY TEACUP AND SAUCER '}),frozenset({'PINK REGENCY TEACUP AND SAUCER'}),0.0530492203540314,0.0389545530214749,0.0302424948670994,0.5700836820083681,14.6345840932661,1.0,0.0281759862000704,2.235424446013308,0.9838618127666208,0.4896675651392632,0.5526576611509211,0.6732184791808222,ROSES REGENCY TEACUP AND SAUCER ,PINK REGENCY TEACUP AND SAUCER,ROSES REGENCY TEACUP AND SAUCER  → PINK REGENCY TEACUP AND SAUCER
frozenset({'GARDENERS KNEELING PAD CUP OF TEA '}),frozenset({'GARDENERS KNEELING PAD KEEP CALM '}),0.0416181122024304,0.0498307530103767,0.0300205316020198,0.7213333333333334,14.475665924276171,1.0,0.0279466697321024,3.4096982547474526,0.9713440553122344,0.4887082204155375,0.7067189160777901,0.6618916109873794,GARDENERS KNEELING PAD CUP OF TEA ,GARDENERS KNEELING PAD KEEP CALM ,GARDENERS KNEELING PAD CUP OF TEA  → GARDENERS KNEELING PAD KEEP CALM 
frozenset({'GARDENERS KNEELING PAD KEEP CALM '}),frozenset({'GARDENERS KNEELING PAD CUP OF TEA '}),0.0498307530103767,0.0416181122024304,0.0300205316020198,0.6024498886414253,14.47566592427617,1.0,0.0279466697321024,2.410719706560833,0.9797397172982304,0.4887082204155375,0.585186117955366,0.6618916109873794,GARDENERS KNEELING PAD KEEP CALM ,GARDENERS KNEELING PAD CUP OF TEA ,GARDENERS KNEELING PAD KEEP CALM  → GARDENERS KNEELING PAD CUP OF TEA 
frozenset({'STRAWBERRY CHARLOTTE BAG'}),frozenset({'CHARLOTTE BAG PINK POLKADOT'}),0.0373453193496476,0.0373453193496476,0.0200876754897064,0.5378900445765231,14.403144863764522,1.0,0.0186930026123792,2.0831723475166792,0.966671369444724,0.3678861788617886,0.5199629060014713,0.5378900445765231,STRAWBERRY CHARLOTTE BAG,CHARLOTTE BAG PINK POLKADOT,STRAWBERRY CHARLOTTE BAG → CHARLOTTE BAG PINK POLKADOT
frozenset({'CHARLOTTE BAG PINK POLKADOT'}),frozenset({'STRAWBERRY CHARLOTTE BAG'}),0.0373453193496476,0.0373453193496476,0.0200876754897064,0.5378900445765231,14.403144863764522,1.0,0.0186930026123792,2.0831723475166792,0.966671369444724,0.3678861788617886,0.5199629060014713,0.5378900445765231,CHARLOTTE BAG PINK POLKADOT,STRAWBERRY CHARLOTTE BAG,CHARLOTTE BAG PINK POLKADOT → STRAWBERRY CHARLOTTE BAG
frozenset({'RED RETROSPOT CHARLOTTE BAG'}),frozenset({'CHARLOTTE BAG PINK POLKADOT'}),0.0501082070917263,0.0373453193496476,0.0265801009932856,0.5304540420819491,14.204030152093322,1.0,0.0247087939974068,2.050182020347331,0.9786350960458428,0.4366453965360074,0.5122384305025827,0.621096263240083,RED RETROSPOT CHARLOTTE BAG,CHARLOTTE BAG PINK POLKADOT,RED RETROSPOT CHARLOTTE BAG → CHARLOTTE BAG PINK POLKADOT
frozenset({'CHARLOTTE BAG PINK POLKADOT'}),frozenset({'RED RETROSPOT CHARLOTTE BAG'}),0.0373453193496476,0.0501082070917263,0.0265801009932856,0.711738484398217,14.20403015209332,1.0,0.0247087939974068,3.295243178491073,0.9656603397574784,0.4366453965360074,0.6965322600385715,0.621096263240083,CHARLOTTE BAG PINK POLKADOT,RED RETROSPOT CHARLOTTE BAG,CHARLOTTE BAG PINK POLKADOT → RED RETROSPOT CHARLOTTE BAG
frozenset({'GREEN REGENCY TEACUP AND SAUCER'}),frozenset({'ROSES REGENCY TEACUP AND SAUCER '}),0.0517174407635536,0.0530492203540314,0.0388435713889351,0.7510729613733906,14.158039578357608,1.0,0.0361000014777228,3.8041298561639785,0.9800546717604476,0.5892255892255893,0.7371277958927556,0.741645267297574,GREEN REGENCY TEACUP AND SAUCER,ROSES REGENCY TEACUP AND SAUCER ,GREEN REGENCY TEACUP AND SAUCER → ROSES REGENCY TEACUP AND SAUCER 
frozenset({'ROSES REGENCY TEACUP AND SAUCER '}),frozenset({'GREEN REGENCY TEACUP AND SAUCER'}),0.0530492203540314,0.0517174407635536,0.0388435713889351,0.7322175732217574,14.158039578357608,1.0,0.0361000014777228,3.541242682148605,0.981433008245783,0.5892255892255893,0.7176132533810808,0.741645267297574,ROSES REGENCY TEACUP AND SAUCER ,GREEN REGENCY TEACUP AND SAUCER,ROSES REGENCY TEACUP AND SAUCER  → GREEN REGENCY TEACUP AND SAUCER
frozenset({'JUMBO BAG PEARS'}),frozenset({'JUMBO BAG APPLES'}),0.0304089673159092,0.0491093723988679,0.0206425836524055,0.6788321167883212,13.822862798465918,1.0,0.0191492183522235,2.9607276359398886,0.9567498610759828,0.3506126295947219,0.6622451900468217,0.5495855499195843,JUMBO BAG PEARS,JUMBO BAG APPLES,JUMBO BAG PEARS → JUMBO BAG APPLES
frozenset({'JUMBO BAG APPLES'}),frozenset({'JUMBO BAG PEARS'}),0.0491093723988679,0.0304089673159092,0.0206425836524055,0.4203389830508475,13.822862798465916,1.0,0.0191492183522235,1.6726862844550106,0.9755654950152104,0.3506126295947219,0.4021592636387182,0.5495855499195843,JUMBO BAG APPLES,JUMBO BAG PEARS,JUMBO BAG APPLES → JUMBO BAG PEARS
frozenset({'WOODLAND CHARLOTTE BAG'}),frozenset({'CHARLOTTE BAG SUKI DESIGN'}),0.0377892458798068,0.0446146162810054,0.0229177071194717,0.606461086637298,13.593327415784511,1.0,0.0212317544149955,2.427677038479982,0.9628186867967526,0.3852611940298507,0.5880835942551401,0.5600713393385495,WOODLAND CHARLOTTE BAG,CHARLOTTE BAG SUKI DESIGN,WOODLAND CHARLOTTE BAG → CHARLOTTE BAG SUKI DESIGN
frozenset({'CHARLOTTE BAG SUKI DESIGN'}),frozenset({'WOODLAND CHARLOTTE BAG'}),0.0446146162810054,0.0377892458798068,0.0229177071194717,0.513681592039801,13.593327415784511,1.0,0.0212317544149955,1.9785612437663307,0.9696971614715508,0.3852611940298507,0.4945822358794264,0.5600713393385495,CHARLOTTE BAG SUKI DESIGN,WOODLAND CHARLOTTE BAG,CHARLOTTE BAG SUKI DESIGN → WOODLAND CHARLOTTE BAG
frozenset({'STRAWBERRY CHARLOTTE BAG'}),frozenset({'RED RETROSPOT CHARLOTTE BAG'}),0.0373453193496476,0.0501082070917263,0.0254147938516175,0.6805349182763745,13.581306491980673,1.0,0.0235434868557387,2.973382216871015,0.9623070451975636,0.409660107334526,0.6636826593210974,0.5938665732024175,STRAWBERRY CHARLOTTE BAG,RED RETROSPOT CHARLOTTE BAG,STRAWBERRY CHARLOTTE BAG → RED RETROSPOT CHARLOTTE BAG
frozenset({'RED RETROSPOT CHARLOTTE BAG'}),frozenset({'STRAWBERRY CHARLOTTE BAG'}),0.0501082070917263,0.0373453193496476,0.0254147938516175,0.5071982281284607,13.58130649198067,1.0,0.0235434868557387,1.953431857589367,0.9752367461203024,0.409660107334526,0.4880804282397389,0.5938665732024175,RED RETROSPOT CHARLOTTE BAG,STRAWBERRY CHARLOTTE BAG,RED RETROSPOT CHARLOTTE BAG → STRAWBERRY CHARLOTTE BAG
frozenset({'HOT WATER BOTTLE I AM SO POORLY'}),frozenset({'CHOCOLATE HOT WATER BOTTLE'}),0.0352366683313911,0.045502469341324,0.0210310193662948,0.5968503937007874,13.116879201075475,1.0,0.0194276639458553,2.3676012967510127,0.9575015168544612,0.3522304832713754,0.5776315879822039,0.5295227578260034,HOT WATER BOTTLE I AM SO POORLY,CHOCOLATE HOT WATER BOTTLE,HOT WATER BOTTLE I AM SO POORLY → CHOCOLATE HOT WATER BOTTLE
frozenset({'CHOCOLATE HOT WATER BOTTLE'}),frozenset({'HOT WATER BOTTLE I AM SO POORLY'}),0.045502469341324,0.0352366683313911,0.0210310193662948,0.4621951219512195,13.116879201075475,1.0,0.0194276639458553,1.7938910021955992,0.9677996263026372,0.3522304832713754,0.4425525303510254,0.5295227578260034,CHOCOLATE HOT WATER BOTTLE,HOT WATER BOTTLE I AM SO POORLY,CHOCOLATE HOT WATER BOTTLE → HOT WATER BOTTLE I AM SO POORLY
frozenset({'STRAWBERRY CHARLOTTE BAG'}),frozenset({'CHARLOTTE BAG SUKI DESIGN'}),0.0373453193496476,0.0446146162810054,0.0218078907940735,0.5839524517087668,13.088814841099111,1.0,0.0201417437013974,2.296337011581726,0.9594290738136432,0.3625461254612546,0.5645238503945917,0.5363792109290102,STRAWBERRY CHARLOTTE BAG,CHARLOTTE BAG SUKI DESIGN,STRAWBERRY CHARLOTTE BAG → CHARLOTTE BAG SUKI DESIGN
frozenset({'CHARLOTTE BAG SUKI DESIGN'}),frozenset({'STRAWBERRY CHARLOTTE BAG'}),0.0446146162810054,0.0373453193496476,0.0218078907940735,0.4888059701492537,13.088814841099111,1.0,0.0201417437013974,1.88314930229412,0.9667291382075324,0.3625461254612546,0.4689746592148778,0.5363792109290102,CHARLOTTE BAG SUKI DESIGN,STRAWBERRY CHARLOTTE BAG,CHARLOTTE BAG SUKI DESIGN → STRAWBERRY CHARLOTTE BAG
frozenset({'CHARLOTTE BAG PINK POLKADOT'}),frozenset({'CHARLOTTE BAG SUKI DESIGN'}),0.0373453193496476,0.0446146162810054,0.0213084734476444,0.5705794947994057,12.789070989776231,1.0,0.0196423263549682,2.224824786307555,0.9575689560756284,0.3513266239707228,0.5505264027287037,0.5240957175489567,CHARLOTTE BAG PINK POLKADOT,CHARLOTTE BAG SUKI DESIGN,CHARLOTTE BAG PINK POLKADOT → CHARLOTTE BAG SUKI DESIGN
frozenset({'CHARLOTTE BAG SUKI DESIGN'}),frozenset({'CHARLOTTE BAG PINK POLKADOT'}),0.0446146162810054,0.0373453193496476,0.0213084734476444,0.4776119402985075,12.789070989776231,1.0,0.0196423263549682,1.8427961029592463,0.9648548672823374,0.3513266239707228,0.4573463670808971,0.5240957175489567,CHARLOTTE BAG SUKI DESIGN,CHARLOTTE BAG PINK POLKADOT,CHARLOTTE BAG SUKI DESIGN → CHARLOTTE BAG PINK POLKADOT
frozenset({'WOODLAND CHARLOTTE BAG'}),frozenset({'RED RETROSPOT CHARLOTTE BAG'}),0.0377892458798068,0.0501082070917263,0.0238610509960601,0.631424375917768,12.601216698133,1.0,0.0219674996376746,2.577196458049938,0.9567993079584776,0.3726169844020797,0.6119814626950635,0.5538074260541221,WOODLAND CHARLOTTE BAG,RED RETROSPOT CHARLOTTE BAG,WOODLAND CHARLOTTE BAG → RED RETROSPOT CHARLOTTE BAG
frozenset({'RED RETROSPOT CHARLOTTE BAG'}),frozenset({'WOODLAND CHARLOTTE BAG'}),0.0501082070917263,0.0377892458798068,0.0238610509960601,0.4761904761904762,12.601216698132998,1.0,0.0219674996376746,1.836947803320369,0.9692078513845076,0.3726169844020797,0.4556187180754655,0.5538074260541221,RED RETROSPOT CHARLOTTE BAG,WOODLAND CHARLOTTE BAG,RED RETROSPOT CHARLOTTE BAG → WOODLAND CHARLOTTE BAG
frozenset({'DOTCOM POSTAGE'}),frozenset({'JUMBO BAG WOODLAND ANIMALS'}),0.0391765162865545,0.0407857499583818,0.0200321846734365,0.5113314447592069,12.537012198647163,1.0,0.0184343410759326,1.9629137986358915,0.957757792508537,0.3342592592592593,0.4905532781444907,0.5012439536721205,DOTCOM POSTAGE,JUMBO BAG WOODLAND ANIMALS,DOTCOM POSTAGE → JUMBO BAG WOODLAND ANIMALS
frozenset({'JUMBO BAG WOODLAND ANIMALS'}),frozenset({'DOTCOM POSTAGE'}),0.0407857499583818,0.0391765162865545,0.0200321846734365,0.491156462585034,12.537012198647163,1.0,0.0184343410759326,1.8882493597042307,0.9593645827424112,0.3342592592592593,0.4704089293817441,0.5012439536721205,JUMBO BAG WOODLAND ANIMALS,DOTCOM POSTAGE,JUMBO BAG WOODLAND ANIMALS → DOTCOM POSTAGE
frozenset({'ALARM CLOCK BAKELIKE GREEN'}),frozenset({'ALARM CLOCK BAKELIKE RED '}),0.0486099550524388,0.0516064591310138,0.0312413295599578,0.6426940639269407,12.453752393577847,1.0,0.0287327419011837,2.6542899099080897,0.966693861313517,0.4529364440868865,0.623251402845205,0.6240352040064812,ALARM CLOCK BAKELIKE GREEN,ALARM CLOCK BAKELIKE RED ,ALARM CLOCK BAKELIKE GREEN → ALARM CLOCK BAKELIKE RED 
frozenset({'ALARM CLOCK BAKELIKE RED '}),frozenset({'ALARM CLOCK BAKELIKE GREEN'}),0.0516064591310138,0.0486099550524388,0.0312413295599578,0.6053763440860215,12.453752393577846,1.0,0.0287327419011837,2.410879405452948,0.969748186309768,0.4529364440868865,0.5852135956123764,0.6240352040064812,ALARM CLOCK BAKELIKE RED ,ALARM CLOCK BAKELIKE GREEN,ALARM CLOCK BAKELIKE RED  → ALARM CLOCK BAKELIKE GREEN
frozenset({'CHARLOTTE BAG SUKI DESIGN'}),frozenset({'RED RETROSPOT CHARLOTTE BAG'}),0.0446146162810054,0.0501082070917263,0.0263581377282059,0.5907960199004976,11.79040429083817,1.0,0.0241225792962794,2.32131611397645,0.9579226162636072,0.3855519480519481,0.5692099003754449,0.5584101915670816,CHARLOTTE BAG SUKI DESIGN,RED RETROSPOT CHARLOTTE BAG,CHARLOTTE BAG SUKI DESIGN → RED RETROSPOT CHARLOTTE BAG
frozenset({'RED RETROSPOT CHARLOTTE BAG'}),frozenset({'CHARLOTTE BAG SUKI DESIGN'}),0.0501082070917263,0.0446146162810054,0.0263581377282059,0.5260243632336656,11.79040429083817,1.0,0.0241225792962794,2.015684582939841,0.9634626524249637,0.3855519480519481,0.503890634247191,0.5584101915670816,RED RETROSPOT CHARLOTTE BAG,CHARLOTTE BAG SUKI DESIGN,RED RETROSPOT CHARLOTTE BAG → CHARLOTTE BAG SUKI DESIGN
frozenset({'ALARM CLOCK BAKELIKE RED '}),frozenset({'ALARM CLOCK BAKELIKE PINK'}),0.0516064591310138,0.0364019754730592,0.0218078907940735,0.4225806451612903,11.608728363493316,1.0,0.0199293137345349,1.668801048063417,0.9635851376622936,0.3294216261525566,0.4007673945552325,0.5108330055074745,ALARM CLOCK BAKELIKE RED ,ALARM CLOCK BAKELIKE PINK,ALARM CLOCK BAKELIKE RED  → ALARM CLOCK BAKELIKE PINK
frozenset({'ALARM CLOCK BAKELIKE PINK'}),frozenset({'ALARM CLOCK BAKELIKE RED '}),0.0364019754730592,0.0516064591310138,0.0218078907940735,0.5990853658536586,11.608728363493311,1.0,0.0199293137345349,2.3655747635363307,0.9483808573444436,0.3294216261525566,0.5772697547275631,0.5108330055074745,ALARM CLOCK BAKELIKE PINK,ALARM CLOCK BAKELIKE RED ,ALARM CLOCK BAKELIKE PINK → ALARM CLOCK BAKELIKE RED 
"frozenset({""PAPER CHAIN KIT 50'S CHRISTMAS ""})",frozenset({'PAPER CHAIN KIT VINTAGE CHRISTMAS'}),0.0624271683036457,0.0443926530159258,0.0298540591532101,0.4782222222222222,10.772553333333336,1.0,0.0270827515319395,1.8314450857871956,0.9675744286498816,0.38788752703677,0.4539830826703831,0.5753611111111112,PAPER CHAIN KIT 50'S CHRISTMAS ,PAPER CHAIN KIT VINTAGE CHRISTMAS,PAPER CHAIN KIT 50'S CHRISTMAS  → PAPER CHAIN KIT VINTAGE CHRISTMAS
frozenset({'PAPER CHAIN KIT VINTAGE CHRISTMAS'}),"frozenset({""PAPER CHAIN KIT 50'S CHRISTMAS ""})",0.0443926530159258,0.0624271683036457,0.0298540591532101,0.6725000000000001,10.772553333333336,1.0,0.0270827515319395,2.8628178067064263,0.9493140669222696,0.38788752703677,0.6506938032670456,0.5753611111111112,PAPER CHAIN KIT VINTAGE CHRISTMAS,PAPER CHAIN KIT 50'S CHRISTMAS ,PAPER CHAIN KIT VINTAGE CHRISTMAS → PAPER CHAIN KIT 50'S CHRISTMAS 
frozenset({'WOODEN FRAME ANTIQUE WHITE '}),frozenset({'WOODEN PICTURE FRAME WHITE FINISH'}),0.0522723489262527,0.0597081183064202,0.029299150990511,0.5605095541401275,9.387493192527172,1.0,0.0261780673966678,2.139504716317276,0.9427553241886631,0.3543624161073825,0.5326021053502058,0.5256079369213649,WOODEN FRAME ANTIQUE WHITE ,WOODEN PICTURE FRAME WHITE FINISH,WOODEN FRAME ANTIQUE WHITE  → WOODEN PICTURE FRAME WHITE FINISH
frozenset({'WOODEN PICTURE FRAME WHITE FINISH'}),frozenset({'WOODEN FRAME ANTIQUE WHITE '}),0.0597081183064202,0.0522723489262527,0.029299150990511,0.4907063197026022,9.387493192527172,1.0,0.0261780673966678,1.8608667017433436,0.9502105743179806,0.3543624161073825,0.4626159955126526,0.5256079369213649,WOODEN PICTURE FRAME WHITE FINISH,WOODEN FRAME ANTIQUE WHITE ,WOODEN PICTURE FRAME WHITE FINISH → WOODEN FRAME ANTIQUE WHITE 
"frozenset({'JUMBO BAG RED RETROSPOT', 'JUMBO SHOPPER VINTAGE RED PAISLEY'})",frozenset({'JUMBO STORAGE BAG SUKI'}),0.0364574662893291,0.0627046223849952,0.0213084734476444,0.5844748858447488,9.321081343193113,1.0,0.0190224217908583,2.2556888757987474,0.9264939314098134,0.2736992159657875,0.5566764500508092,0.4621489473471531,"JUMBO BAG RED RETROSPOT, JUMBO SHOPPER VINTAGE RED PAISLEY",JUMBO STORAGE BAG SUKI,"JUMBO BAG RED RETROSPOT, JUMBO SHOPPER VINTAGE RED PAISLEY → JUMBO STORAGE BAG SUKI"
frozenset({'JUMBO BAG WOODLAND ANIMALS'}),frozenset({'JUMBO STORAGE BAG SUKI'}),0.0407857499583818,0.0627046223849952,0.0235835969147106,0.5782312925170068,9.221509842875202,1.0,0.0210261418648814,2.2222971049904143,0.929466892623068,0.2951388888888888,0.5500151632495991,0.4771687436036361,JUMBO BAG WOODLAND ANIMALS,JUMBO STORAGE BAG SUKI,JUMBO BAG WOODLAND ANIMALS → JUMBO STORAGE BAG SUKI
frozenset({'JUMBO STORAGE BAG SUKI'}),frozenset({'JUMBO BAG WOODLAND ANIMALS'}),0.0627046223849952,0.0407857499583818,0.0235835969147106,0.3761061946902654,9.221509842875202,1.0,0.0210261418648814,1.537463975244012,0.9512026940904832,0.2951388888888888,0.3495782560750476,0.4771687436036361,JUMBO STORAGE BAG SUKI,JUMBO BAG WOODLAND ANIMALS,JUMBO STORAGE BAG SUKI → JUMBO BAG WOODLAND ANIMALS
"frozenset({'JUMBO BAG RED RETROSPOT', 'JUMBO STORAGE BAG SUKI'})",frozenset({'JUMBO BAG PINK POLKADOT'}),0.0387325897563953,0.0643138560568225,0.0224737805893124,0.5802292263610315,9.021838557594606,1.0,0.0199827383870117,2.2290407115096853,0.9249849090946668,0.2789256198347107,0.5513765204751601,0.4648341990303863,"JUMBO BAG RED RETROSPOT, JUMBO STORAGE BAG SUKI",JUMBO BAG PINK POLKADOT,"JUMBO BAG RED RETROSPOT, JUMBO STORAGE BAG SUKI → JUMBO BAG PINK POLKADOT"
frozenset({'DOTCOM POSTAGE'}),frozenset({'JUMBO STORAGE BAG SUKI'}),0.0391765162865545,0.0627046223849952,0.0219188724266133,0.5594900849858357,8.922629045601544,1.0,0.0194623237665053,2.1277509215311685,0.9241295869170288,0.2741151977793199,0.5300201776999435,0.4545238035548647,DOTCOM POSTAGE,JUMBO STORAGE BAG SUKI,DOTCOM POSTAGE → JUMBO STORAGE BAG SUKI
frozenset({'JUMBO STORAGE BAG SUKI'}),frozenset({'DOTCOM POSTAGE'}),0.0627046223849952,0.0391765162865545,0.0219188724266133,0.3495575221238938,8.922629045601544,1.0,0.0194623237665053,1.4771844035322357,0.9473272036864812,0.2741151977793199,0.3230364485240942,0.4545238035548647,JUMBO STORAGE BAG SUKI,DOTCOM POSTAGE,JUMBO STORAGE BAG SUKI → DOTCOM POSTAGE
frozenset({'JUMBO BAG ALPHABET'}),frozenset({'JUMBO BAG APPLES'}),0.0470562121968814,0.0491093723988679,0.0203651295710559,0.4327830188679245,8.81263591301567,1.0,0.0180542285225991,1.6764142457500204,0.9303031134832244,0.2686676427525623,0.4034887244992337,0.4237361422023238,JUMBO BAG ALPHABET,JUMBO BAG APPLES,JUMBO BAG ALPHABET → JUMBO BAG APPLES
frozenset({'JUMBO BAG APPLES'}),frozenset({'JUMBO BAG ALPHABET'}),0.0491093723988679,0.0470562121968814,0.0203651295710559,0.4146892655367232,8.81263591301567,1.0,0.0180542285225991,1.628098942482162,0.9323118211862402,0.2686676427525623,0.3857867148568851,0.4237361422023238,JUMBO BAG APPLES,JUMBO BAG ALPHABET,JUMBO BAG APPLES → JUMBO BAG ALPHABET
"frozenset({'JUMBO BAG RED RETROSPOT', 'JUMBO STORAGE BAG SUKI'})",frozenset({'JUMBO SHOPPER VINTAGE RED PAISLEY'}),0.0387325897563953,0.062871094833805,0.0213084734476444,0.5501432664756447,8.750336986017293,1.0,0.0188733131239112,2.0831718974713507,0.9214071730262272,0.2653766413268832,0.5199628022949784,0.4445332395926326,"JUMBO BAG RED RETROSPOT, JUMBO STORAGE BAG SUKI",JUMBO SHOPPER VINTAGE RED PAISLEY,"JUMBO BAG RED RETROSPOT, JUMBO STORAGE BAG SUKI → JUMBO SHOPPER VINTAGE RED PAISLEY"
frozenset({'PACK OF 72 RETROSPOT CAKE CASES'}),frozenset({'60 TEATIME FAIRY CAKE CASES'}),0.0626491315687253,0.0417845846512402,0.0226957438543921,0.3622674933569531,8.66988379520007,1.0,0.020077975913032,1.5025350054565971,0.9437855451025848,0.2776646300067889,0.3344581015627549,0.4527140919640011,PACK OF 72 RETROSPOT CAKE CASES,60 TEATIME FAIRY CAKE CASES,PACK OF 72 RETROSPOT CAKE CASES → 60 TEATIME FAIRY CAKE CASES
frozenset({'60 TEATIME FAIRY CAKE CASES'}),frozenset({'PACK OF 72 RETROSPOT CAKE CASES'}),0.0417845846512402,0.0626491315687253,0.0226957438543921,0.5431606905710492,8.66988379520007,1.0,0.020077975913032,2.0518174532812496,0.923235199668338,0.2776646300067889,0.5126272084288941,0.4527140919640011,60 TEATIME FAIRY CAKE CASES,PACK OF 72 RETROSPOT CAKE CASES,60 TEATIME FAIRY CAKE CASES → PACK OF 72 RETROSPOT CAKE CASES
"frozenset({'JUMBO BAG RED RETROSPOT', 'JUMBO SHOPPER VINTAGE RED PAISLEY'})",frozenset({'JUMBO BAG PINK POLKADOT'}),0.0364574662893291,0.0643138560568225,0.020309638754786,0.5570776255707762,8.661860129776496,1.0,0.0179649185156577,2.112528510552122,0.9180200414651004,0.2524137931034482,0.526633607544239,0.4364335496274933,"JUMBO BAG RED RETROSPOT, JUMBO SHOPPER VINTAGE RED PAISLEY",JUMBO BAG PINK POLKADOT,"JUMBO BAG RED RETROSPOT, JUMBO SHOPPER VINTAGE RED PAISLEY → JUMBO BAG PINK POLKADOT"
frozenset({'JUMBO STORAGE BAG SKULLS'}),frozenset({'JUMBO STORAGE BAG SUKI'}),0.0379557183286166,0.0627046223849952,0.0202541479385161,0.533625730994152,8.510149821456295,1.0,0.017874148953369,2.0097493363280976,0.9173104319607838,0.2518978605935127,0.5024255105230959,0.428317290275837,JUMBO STORAGE BAG SKULLS,JUMBO STORAGE BAG SUKI,JUMBO STORAGE BAG SKULLS → JUMBO STORAGE BAG SUKI
frozenset({'JUMBO STORAGE BAG SUKI'}),frozenset({'JUMBO STORAGE BAG SKULLS'}),0.0627046223849952,0.0379557183286166,0.0202541479385161,0.323008849557522,8.510149821456295,1.0,0.017874148953369,1.4210588735799516,0.941531641637802,0.2518978605935127,0.2962993873147664,0.428317290275837,JUMBO STORAGE BAG SUKI,JUMBO STORAGE BAG SKULLS,JUMBO STORAGE BAG SUKI → JUMBO STORAGE BAG SKULLS
frozenset({'JUMBO BAG WOODLAND ANIMALS'}),frozenset({'JUMBO BAG PINK POLKADOT'}),0.0407857499583818,0.0643138560568225,0.0220298540591532,0.5401360544217687,8.39843989364512,1.0,0.0194067652071602,2.0347021177462588,0.918387384732946,0.2651970607882432,0.5085275671174649,0.441336361982239,JUMBO BAG WOODLAND ANIMALS,JUMBO BAG PINK POLKADOT,JUMBO BAG WOODLAND ANIMALS → JUMBO BAG PINK POLKADOT
frozenset({'JUMBO BAG PINK POLKADOT'}),frozenset({'JUMBO BAG WOODLAND ANIMALS'}),0.0643138560568225,0.0407857499583818,0.0220298540591532,0.3425366695427093,8.39843989364512,1.0,0.0194067652071602,1.4589623566905976,0.9414805083912764,0.2651970607882432,0.3145813561164621,0.441336361982239,JUMBO BAG PINK POLKADOT,JUMBO BAG WOODLAND ANIMALS,JUMBO BAG PINK POLKADOT → JUMBO BAG WOODLAND ANIMALS
frozenset({'LUNCH BAG WOODLAND'}),frozenset({'LUNCH BAG SPACEBOY DESIGN '}),0.0482770101548193,0.0575994672881638,0.0232506520170911,0.4816091954022989,8.361348083183843,1.0,0.0204699219499083,1.8179345087789305,0.9250612522297732,0.2813969106783076,0.4499251787284242,0.4426350408610724,LUNCH BAG WOODLAND,LUNCH BAG SPACEBOY DESIGN ,LUNCH BAG WOODLAND → LUNCH BAG SPACEBOY DESIGN 
frozenset({'LUNCH BAG SPACEBOY DESIGN '}),frozenset({'LUNCH BAG WOODLAND'}),0.0575994672881638,0.0482770101548193,0.0232506520170911,0.4036608863198458,8.361348083183842,1.0,0.0204699219499083,1.5959425904027424,0.934212184949234,0.2813969106783076,0.3734110449752167,0.4426350408610724,LUNCH BAG SPACEBOY DESIGN ,LUNCH BAG WOODLAND,LUNCH BAG SPACEBOY DESIGN  → LUNCH BAG WOODLAND
"frozenset({'JUMBO BAG RED RETROSPOT', 'JUMBO BAG PINK POLKADOT'})",frozenset({'JUMBO STORAGE BAG SUKI'}),0.0435602907718772,0.0627046223849952,0.0224737805893124,0.5159235668789809,8.227839467899216,1.0,0.0197423490054813,1.936254924809944,0.9184702417277648,0.2682119205298013,0.4835390799080051,0.4371653232624993,"JUMBO BAG PINK POLKADOT, JUMBO BAG RED RETROSPOT",JUMBO STORAGE BAG SUKI,"JUMBO BAG PINK POLKADOT, JUMBO BAG RED RETROSPOT → JUMBO STORAGE BAG SUKI"
frozenset({'HEART OF WICKER SMALL'}),frozenset({'HEART OF WICKER LARGE'}),0.0645913101381721,0.0507186060706953,0.0268020642583652,0.4149484536082473,8.18138521058449,1.0,0.0235260830438771,1.6225602680377538,0.9383826760506812,0.30282131661442,0.383690073214136,0.4716974215524825,HEART OF WICKER SMALL,HEART OF WICKER LARGE,HEART OF WICKER SMALL → HEART OF WICKER LARGE
frozenset({'HEART OF WICKER LARGE'}),frozenset({'HEART OF WICKER SMALL'}),0.0507186060706953,0.0645913101381721,0.0268020642583652,0.5284463894967176,8.18138521058449,1.0,0.0235260830438771,1.983674112607217,0.924669244764502,0.30282131661442,0.4958849371252505,0.4716974215524825,HEART OF WICKER LARGE,HEART OF WICKER SMALL,HEART OF WICKER LARGE → HEART OF WICKER SMALL
frozenset({'DOTCOM POSTAGE'}),frozenset({'JUMBO SHOPPER VINTAGE RED PAISLEY'}),0.0391765162865545,0.062871094833805,0.0201431663059763,0.5141643059490085,8.1780714541104,1.0,0.0176800958352662,1.9289008951817308,0.913509918707724,0.2459349593495935,0.4815700472232996,0.4172763277317858,DOTCOM POSTAGE,JUMBO SHOPPER VINTAGE RED PAISLEY,DOTCOM POSTAGE → JUMBO SHOPPER VINTAGE RED PAISLEY
frozenset({'JUMBO SHOPPER VINTAGE RED PAISLEY'}),frozenset({'DOTCOM POSTAGE'}),0.062871094833805,0.0391765162865545,0.0201431663059763,0.3203883495145631,8.1780714541104,1.0,0.0176800958352662,1.4137831260354985,0.9366073094756182,0.2459349593495935,0.2926779351199505,0.4172763277317858,JUMBO SHOPPER VINTAGE RED PAISLEY,DOTCOM POSTAGE,JUMBO SHOPPER VINTAGE RED PAISLEY → DOTCOM POSTAGE
frozenset({'JUMBO BAG WOODLAND ANIMALS'}),frozenset({'JUMBO SHOPPER VINTAGE RED PAISLEY'}),0.0407857499583818,0.062871094833805,0.0207535652849453,0.508843537414966,8.093441648504063,1.0,0.018189320531444,1.9080048346181533,0.913709496294179,0.250334672021419,0.4758923133440966,0.4194703123968034,JUMBO BAG WOODLAND ANIMALS,JUMBO SHOPPER VINTAGE RED PAISLEY,JUMBO BAG WOODLAND ANIMALS → JUMBO SHOPPER VINTAGE RED PAISLEY
frozenset({'JUMBO SHOPPER VINTAGE RED PAISLEY'}),frozenset({'JUMBO BAG WOODLAND ANIMALS'}),0.062871094833805,0.0407857499583818,0.0207535652849453,0.3300970873786408,8.093441648504063,1.0,0.018189320531444,1.431870547163575,0.935242915261794,0.250334672021419,0.3016128434369134,0.4194703123968034,JUMBO SHOPPER VINTAGE RED PAISLEY,JUMBO BAG WOODLAND ANIMALS,JUMBO SHOPPER VINTAGE RED PAISLEY → JUMBO BAG WOODLAND ANIMALS
frozenset({'LUNCH BAG APPLE DESIGN'}),frozenset({'LUNCH BAG SUKI DESIGN '}),0.0507740968869652,0.0566561234115753,0.0231951612008212,0.4568306010928962,8.063216711356594,1.0,0.020318497701482,1.73673973255213,0.922836191112327,0.2753623188405797,0.4242084860173578,0.4331165738079564,LUNCH BAG APPLE DESIGN,LUNCH BAG SUKI DESIGN ,LUNCH BAG APPLE DESIGN → LUNCH BAG SUKI DESIGN 
frozenset({'LUNCH BAG SUKI DESIGN '}),frozenset({'LUNCH BAG APPLE DESIGN'}),0.0566561234115753,0.0507740968869652,0.0231951612008212,0.4094025465230166,8.063216711356594,1.0,0.020318497701482,1.6072299288199146,0.9285903461863216,0.2753623188405797,0.3778114866649879,0.4331165738079564,LUNCH BAG SUKI DESIGN ,LUNCH BAG APPLE DESIGN,LUNCH BAG SUKI DESIGN  → LUNCH BAG APPLE DESIGN
frozenset({'LUNCH BAG PINK POLKADOT'}),frozenset({'LUNCH BAG CARS BLUE'}),0.0558237611675267,0.0590977193274513,0.0260806836468564,0.467196819085487,7.905496597877523,1.0,0.0227816266775752,1.7659471909637758,0.925151149486373,0.2935665209244222,0.4337316511405733,0.4542556865380486,LUNCH BAG PINK POLKADOT,LUNCH BAG CARS BLUE,LUNCH BAG PINK POLKADOT → LUNCH BAG CARS BLUE
frozenset({'LUNCH BAG CARS BLUE'}),frozenset({'LUNCH BAG PINK POLKADOT'}),0.0590977193274513,0.0558237611675267,0.0260806836468564,0.4413145539906102,7.905496597877522,1.0,0.0227816266775752,1.6899961249690485,0.9283703001008868,0.2935665209244222,0.4082826669094791,0.4542556865380486,LUNCH BAG CARS BLUE,LUNCH BAG PINK POLKADOT,LUNCH BAG CARS BLUE → LUNCH BAG PINK POLKADOT
frozenset({'LUNCH BAG CARS BLUE'}),frozenset({'LUNCH BAG WOODLAND'}),0.0590977193274513,0.0482770101548193,0.0224737805893124,0.380281690140845,7.877076250607091,1.0,0.0196207193932144,1.535734824522905,0.9278852454719404,0.2647058823529412,0.3488459179073038,0.4228994657600777,LUNCH BAG CARS BLUE,LUNCH BAG WOODLAND,LUNCH BAG CARS BLUE → LUNCH BAG WOODLAND
frozenset({'LUNCH BAG WOODLAND'}),frozenset({'LUNCH BAG CARS BLUE'}),0.0482770101548193,0.0590977193274513,0.0224737805893124,0.4655172413793104,7.877076250607091,1.0,0.0196207193932144,1.7603978154518654,0.9173355619043916,0.2647058823529412,0.4319465797886619,0.4228994657600777,LUNCH BAG WOODLAND,LUNCH BAG CARS BLUE,LUNCH BAG WOODLAND → LUNCH BAG CARS BLUE
frozenset({'JUMBO BAG PINK VINTAGE PAISLEY'}),frozenset({'JUMBO SHOPPER VINTAGE RED PAISLEY'}),0.0452250152599744,0.062871094833805,0.0222518173242328,0.4920245398773006,7.825926066309651,1.0,0.0194084711009627,1.844831057271616,0.9135341931118968,0.2592113768584357,0.4579449451165819,0.4229760828247932,JUMBO BAG PINK VINTAGE PAISLEY,JUMBO SHOPPER VINTAGE RED PAISLEY,JUMBO BAG PINK VINTAGE PAISLEY → JUMBO SHOPPER VINTAGE RED PAISLEY
frozenset({'JUMBO SHOPPER VINTAGE RED PAISLEY'}),frozenset({'JUMBO BAG PINK VINTAGE PAISLEY'}),0.062871094833805,0.0452250152599744,0.0222518173242328,0.353927625772286,7.825926066309651,1.0,0.0194084711009627,1.4778142864896844,0.9307359857107588,0.2592113768584357,0.3233249880298945,0.4229760828247932,JUMBO SHOPPER VINTAGE RED PAISLEY,JUMBO BAG PINK VINTAGE PAISLEY,JUMBO SHOPPER VINTAGE RED PAISLEY → JUMBO BAG PINK VINTAGE PAISLEY
frozenset({'PACK OF 60 PINK PAISLEY CAKE CASES'}),frozenset({'PACK OF 72 RETROSPOT CAKE CASES'}),0.0433383275067976,0.0626491315687253,0.0210310193662948,0.4852752880921894,7.745922025429006,1.0,0.018315910784353,1.8210722095642424,0.9103529865502696,0.2475506205094709,0.4508729556422772,0.4104852968361744,PACK OF 60 PINK PAISLEY CAKE CASES,PACK OF 72 RETROSPOT CAKE CASES,PACK OF 60 PINK PAISLEY CAKE CASES → PACK OF 72 RETROSPOT CAKE CASES
frozenset({'PACK OF 72 RETROSPOT CAKE CASES'}),frozenset({'PACK OF 60 PINK PAISLEY CAKE CASES'}),0.0626491315687253,0.0433383275067976,0.0210310193662948,0.3356953055801595,7.745922025429006,1.0,0.018315910784353,1.440094704326434,0.9291075946084922,0.2475506205094709,0.3056012240058036,0.4104852968361744,PACK OF 72 RETROSPOT CAKE CASES,PACK OF 60 PINK PAISLEY CAKE CASES,PACK OF 72 RETROSPOT CAKE CASES → PACK OF 60 PINK PAISLEY CAKE CASES
frozenset({'LUNCH BAG PINK POLKADOT'}),frozenset({'LUNCH BAG  BLACK SKULL.'}),0.0558237611675267,0.0674768325842073,0.0289662060928916,0.5188866799204771,7.689849390499111,1.0,0.0251993955063696,1.93826096367828,0.921394127111192,0.3070588235294118,0.4840736006454577,0.4740814978549754,LUNCH BAG PINK POLKADOT,LUNCH BAG  BLACK SKULL.,LUNCH BAG PINK POLKADOT → LUNCH BAG  BLACK SKULL.
frozenset({'LUNCH BAG  BLACK SKULL.'}),frozenset({'LUNCH BAG PINK POLKADOT'}),0.0674768325842073,0.0558237611675267,0.0289662060928916,0.4292763157894737,7.689849390499111,1.0,0.0251993955063696,1.6543491446978205,0.9329081269144264,0.3070588235294118,0.3955326762763506,0.4740814978549754,LUNCH BAG  BLACK SKULL.,LUNCH BAG PINK POLKADOT,LUNCH BAG  BLACK SKULL. → LUNCH BAG PINK POLKADOT
frozenset({'JAM MAKING SET WITH JARS'}),frozenset({'JAM MAKING SET PRINTED'}),0.0554353254536374,0.0559347428000665,0.023306142833361,0.4204204204204205,7.516266266266268,1.0,0.0202053821620738,1.6288794334071393,0.9178357419809658,0.2646502835538752,0.386081020184353,0.4185435435435436,JAM MAKING SET WITH JARS,JAM MAKING SET PRINTED,JAM MAKING SET WITH JARS → JAM MAKING SET PRINTED
frozenset({'JAM MAKING SET PRINTED'}),frozenset({'JAM MAKING SET WITH JARS'}),0.0559347428000665,0.0554353254536374,0.023306142833361,0.4166666666666667,7.516266266266267,1.0,0.0202053821620738,1.6192537277937646,0.918321283724211,0.2646502835538752,0.3824315591587357,0.4185435435435436,JAM MAKING SET PRINTED,JAM MAKING SET WITH JARS,JAM MAKING SET PRINTED → JAM MAKING SET WITH JARS
"frozenset({'JUMBO BAG PINK POLKADOT', 'JUMBO SHOPPER VINTAGE RED PAISLEY'})",frozenset({'JUMBO BAG RED RETROSPOT'}),0.0251928305865379,0.1073747294822706,0.020309638754786,0.8061674008810572,7.507980739678311,1.0,0.0176045653856639,4.605134918352829,0.8892101154642601,0.1809194265941671,0.7828510960635044,0.4976573438513813,"JUMBO BAG PINK POLKADOT, JUMBO SHOPPER VINTAGE RED PAISLEY",JUMBO BAG RED RETROSPOT,"JUMBO BAG PINK POLKADOT, JUMBO SHOPPER VINTAGE RED PAISLEY → JUMBO BAG RED RETROSPOT"
frozenset({'LUNCH BAG WOODLAND'}),frozenset({'LUNCH BAG PINK POLKADOT'}),0.0482770101548193,0.0558237611675267,0.0201986571222462,0.4183908045977011,7.494851580174128,1.0,0.0175036528374813,1.6233860232890351,0.9105328814966736,0.2407407407407407,0.3840035668325108,0.3901099152213158,LUNCH BAG WOODLAND,LUNCH BAG PINK POLKADOT,LUNCH BAG WOODLAND → LUNCH BAG PINK POLKADOT
frozenset({'LUNCH BAG PINK POLKADOT'}),frozenset({'LUNCH BAG WOODLAND'}),0.0558237611675267,0.0482770101548193,0.0201986571222462,0.3618290258449304,7.494851580174127,1.0,0.0175036528374813,1.4913291710035073,0.9178107229238582,0.2407407407407407,0.3294572255117188,0.3901099152213158,LUNCH BAG PINK POLKADOT,LUNCH BAG WOODLAND,LUNCH BAG PINK POLKADOT → LUNCH BAG WOODLAND
"frozenset({'JUMBO BAG PINK POLKADOT', 'JUMBO STORAGE BAG SUKI'})",frozenset({'JUMBO BAG RED RETROSPOT'}),0.0280228622163032,0.1073747294822706,0.0224737805893124,0.801980198019802,7.468984572875892,1.0,0.0194648333395179,4.507757616114534,0.8910837075943265,0.199017199017199,0.7781602106499349,0.5056412618005987,"JUMBO BAG PINK POLKADOT, JUMBO STORAGE BAG SUKI",JUMBO BAG RED RETROSPOT,"JUMBO BAG PINK POLKADOT, JUMBO STORAGE BAG SUKI → JUMBO BAG RED RETROSPOT"
"frozenset({'JUMBO BAG RED RETROSPOT', 'JUMBO BAG PINK POLKADOT'})",frozenset({'JUMBO SHOPPER VINTAGE RED PAISLEY'}),0.0435602907718772,0.062871094833805,0.020309638754786,0.4662420382165605,7.415840927361551,1.0,0.0175709555826792,1.7557188318746135,0.904556259804425,0.2358247422680413,0.4304327197241022,0.3946391126652088,"JUMBO BAG PINK POLKADOT, JUMBO BAG RED RETROSPOT",JUMBO SHOPPER VINTAGE RED PAISLEY,"JUMBO BAG PINK POLKADOT, JUMBO BAG RED RETROSPOT → JUMBO SHOPPER VINTAGE RED PAISLEY"
frozenset({'LUNCH BAG SPACEBOY DESIGN '}),frozenset({'LUNCH BAG CARS BLUE'}),0.0575994672881638,0.0590977193274513,0.0251928305865379,0.4373795761078998,7.400955249803252,1.0,0.0217888334353313,1.6723571358529203,0.917743864621294,0.2753183747725894,0.4020415983156678,0.4318353279600532,LUNCH BAG SPACEBOY DESIGN ,LUNCH BAG CARS BLUE,LUNCH BAG SPACEBOY DESIGN  → LUNCH BAG CARS BLUE
frozenset({'LUNCH BAG CARS BLUE'}),frozenset({'LUNCH BAG SPACEBOY DESIGN '}),0.0590977193274513,0.0575994672881638,0.0251928305865379,0.4262910798122066,7.400955249803252,1.0,0.0217888334353313,1.642645773057456,0.9192052402019012,0.2753183747725894,0.3912260230404389,0.4318353279600532,LUNCH BAG CARS BLUE,LUNCH BAG SPACEBOY DESIGN ,LUNCH BAG CARS BLUE → LUNCH BAG SPACEBOY DESIGN 
frozenset({'LUNCH BAG SUKI DESIGN '}),frozenset({'LUNCH BAG CARS BLUE'}),0.0566561234115753,0.0590977193274513,0.0246379224238388,0.4348677766895201,7.358452773447738,1.0,0.0212896747442801,1.6649241396302812,0.9159988076311606,0.2704019488428745,0.3993720337179666,0.4258845925701121,LUNCH BAG SUKI DESIGN ,LUNCH BAG CARS BLUE,LUNCH BAG SUKI DESIGN  → LUNCH BAG CARS BLUE
frozenset({'LUNCH BAG CARS BLUE'}),frozenset({'LUNCH BAG SUKI DESIGN '}),0.0590977193274513,0.0566561234115753,0.0246379224238388,0.4169014084507042,7.358452773447738,1.0,0.0212896747442801,1.6178119622651723,0.9183757802388376,0.2704019488428745,0.3818811930405965,0.4258845925701121,LUNCH BAG CARS BLUE,LUNCH BAG SUKI DESIGN ,LUNCH BAG CARS BLUE → LUNCH BAG SUKI DESIGN 
frozenset({'JUMBO STORAGE BAG SUKI'}),frozenset({'JUMBO  BAG BAROQUE BLACK WHITE'}),0.0627046223849952,0.0504966428056156,0.0232506520170911,0.3707964601769911,7.342992317417096,1.0,0.020084279098255,1.509055968536785,0.9216046053532344,0.2584824182603331,0.3373340546344198,0.4156180103082758,JUMBO STORAGE BAG SUKI,JUMBO  BAG BAROQUE BLACK WHITE,JUMBO STORAGE BAG SUKI → JUMBO  BAG BAROQUE BLACK WHITE
frozenset({'JUMBO  BAG BAROQUE BLACK WHITE'}),frozenset({'JUMBO STORAGE BAG SUKI'}),0.0504966428056156,0.0627046223849952,0.0232506520170911,0.4604395604395604,7.342992317417095,1.0,0.020084279098255,1.7371462192049982,0.9097553263410368,0.2584824182603331,0.4243432193879177,0.4156180103082758,JUMBO  BAG BAROQUE BLACK WHITE,JUMBO STORAGE BAG SUKI,JUMBO  BAG BAROQUE BLACK WHITE → JUMBO STORAGE BAG SUKI
frozenset({'LUNCH BAG  BLACK SKULL.'}),frozenset({'LUNCH BAG SUKI DESIGN '}),0.0674768325842073,0.0566561234115753,0.0276899173186837,0.4103618421052632,7.243027185679675,1.0,0.0238669415643707,1.5998691128752085,0.92430537957796,0.2871116225546605,0.3749488680340558,0.4495491874581164,LUNCH BAG  BLACK SKULL.,LUNCH BAG SUKI DESIGN ,LUNCH BAG  BLACK SKULL. → LUNCH BAG SUKI DESIGN 
frozenset({'LUNCH BAG SUKI DESIGN '}),frozenset({'LUNCH BAG  BLACK SKULL.'}),0.0566561234115753,0.0674768325842073,0.0276899173186837,0.4887365328109696,7.243027185679675,1.0,0.0238669415643707,1.823958149294108,0.913703053165154,0.2871116225546605,0.4517418064734593,0.4495491874581164,LUNCH BAG SUKI DESIGN ,LUNCH BAG  BLACK SKULL.,LUNCH BAG SUKI DESIGN  → LUNCH BAG  BLACK SKULL.
frozenset({'JUMBO  BAG BAROQUE BLACK WHITE'}),frozenset({'JUMBO SHOPPER VINTAGE RED PAISLEY'}),0.0504966428056156,0.062871094833805,0.0229731979357416,0.4549450549450549,7.236156076932777,1.0,0.0197984187171209,1.7193292413331398,0.9076377401660146,0.2541436464088398,0.418377832494365,0.4101733218238073,JUMBO  BAG BAROQUE BLACK WHITE,JUMBO SHOPPER VINTAGE RED PAISLEY,JUMBO  BAG BAROQUE BLACK WHITE → JUMBO SHOPPER VINTAGE RED PAISLEY
frozenset({'JUMBO SHOPPER VINTAGE RED PAISLEY'}),frozenset({'JUMBO  BAG BAROQUE BLACK WHITE'}),0.062871094833805,0.0504966428056156,0.0229731979357416,0.3654015887025596,7.236156076932777,1.0,0.0197984187171209,1.4962271261491482,0.9196227719079036,0.2541436464088398,0.3316522722230627,0.4101733218238073,JUMBO SHOPPER VINTAGE RED PAISLEY,JUMBO  BAG BAROQUE BLACK WHITE,JUMBO SHOPPER VINTAGE RED PAISLEY → JUMBO  BAG BAROQUE BLACK WHITE
frozenset({'LUNCH BAG SUKI DESIGN '}),frozenset({'LUNCH BAG SPACEBOY DESIGN '}),0.0566561234115753,0.0575994672881638,0.0235835969147106,0.4162585700293829,7.226778121868507,1.0,0.0203202343875914,1.6144143354006455,0.9133739792387544,0.2600979192166462,0.380580326826798,0.412849901585019,LUNCH BAG SUKI DESIGN ,LUNCH BAG SPACEBOY DESIGN ,LUNCH BAG SUKI DESIGN  → LUNCH BAG SPACEBOY DESIGN 
frozenset({'LUNCH BAG SPACEBOY DESIGN '}),frozenset({'LUNCH BAG SUKI DESIGN '}),0.0575994672881638,0.0566561234115753,0.0235835969147106,0.4094412331406551,7.226778121868507,1.0,0.0203202343875914,1.59737511239606,0.9142882675062604,0.2600979192166462,0.3739729683781027,0.412849901585019,LUNCH BAG SPACEBOY DESIGN ,LUNCH BAG SUKI DESIGN ,LUNCH BAG SPACEBOY DESIGN  → LUNCH BAG SUKI DESIGN 
frozenset({'SET OF 6 SPICE TINS PANTRY DESIGN'}),frozenset({'SET OF 3 CAKE TINS PANTRY DESIGN '}),0.0427279285278286,0.068864102990955,0.0212529826313745,0.4974025974025974,7.222959071548918,1.0,0.0183105621606439,1.852647650379753,0.9000080670390622,0.2352579852579853,0.4602319551723604,0.4030123381855856,SET OF 6 SPICE TINS PANTRY DESIGN,SET OF 3 CAKE TINS PANTRY DESIGN ,SET OF 6 SPICE TINS PANTRY DESIGN → SET OF 3 CAKE TINS PANTRY DESIGN 
frozenset({'SET OF 3 CAKE TINS PANTRY DESIGN '}),frozenset({'SET OF 6 SPICE TINS PANTRY DESIGN'}),0.068864102990955,0.0427279285278286,0.0212529826313745,0.3086220789685737,7.222959071548918,1.0,0.0183105621606439,1.3845858283181405,0.9252705103987404,0.2352579852579853,0.2777623607380828,0.4030123381855856,SET OF 3 CAKE TINS PANTRY DESIGN ,SET OF 6 SPICE TINS PANTRY DESIGN,SET OF 3 CAKE TINS PANTRY DESIGN  → SET OF 6 SPICE TINS PANTRY DESIGN
frozenset({'JUMBO STORAGE BAG SUKI'}),frozenset({'JUMBO SHOPPER VINTAGE RED PAISLEY'}),0.0627046223849952,0.062871094833805,0.0284667887464624,0.4539823008849557,7.220842934022761,1.0,0.0245244804859774,1.7162976707257702,0.9191467640875453,0.2931428571428572,0.4173504881719438,0.4533812651821072,JUMBO STORAGE BAG SUKI,JUMBO SHOPPER VINTAGE RED PAISLEY,JUMBO STORAGE BAG SUKI → JUMBO SHOPPER VINTAGE RED PAISLEY
frozenset({'JUMBO SHOPPER VINTAGE RED PAISLEY'}),frozenset({'JUMBO STORAGE BAG SUKI'}),0.062871094833805,0.0627046223849952,0.0284667887464624,0.4527802294792586,7.220842934022761,1.0,0.0245244804859774,1.7128317142545169,0.919310042172118,0.2931428571428572,0.4161714827686768,0.4533812651821072,JUMBO SHOPPER VINTAGE RED PAISLEY,JUMBO STORAGE BAG SUKI,JUMBO SHOPPER VINTAGE RED PAISLEY → JUMBO STORAGE BAG SUKI
frozenset({'LUNCH BAG  BLACK SKULL.'}),frozenset({'LUNCH BAG WOODLAND'}),0.0674768325842073,0.0482770101548193,0.0233616336496309,0.3462171052631579,7.171469487295828,1.0,0.0201040539177481,1.4557171769204271,0.9228280803770512,0.2528528528528529,0.313053376126603,0.4150625756200847,LUNCH BAG  BLACK SKULL.,LUNCH BAG WOODLAND,LUNCH BAG  BLACK SKULL. → LUNCH BAG WOODLAND
frozenset({'LUNCH BAG WOODLAND'}),frozenset({'LUNCH BAG  BLACK SKULL.'}),0.0482770101548193,0.0674768325842073,0.0233616336496309,0.4839080459770115,7.171469487295827,1.0,0.0201040539177481,1.8068934424314915,0.9042111766507108,0.2528528528528529,0.4465639331479752,0.4150625756200847,LUNCH BAG WOODLAND,LUNCH BAG  BLACK SKULL.,LUNCH BAG WOODLAND → LUNCH BAG  BLACK SKULL.
frozenset({'LUNCH BAG RED RETROSPOT'}),frozenset({'LUNCH BAG PINK POLKADOT'}),0.077243216247711,0.0558237611675267,0.0307419122135286,0.3979885057471264,7.129374614382669,1.0,0.0264299053579048,1.5683691222611011,0.9317029772484372,0.3004338394793925,0.3623949963014378,0.474342165398414,LUNCH BAG RED RETROSPOT,LUNCH BAG PINK POLKADOT,LUNCH BAG RED RETROSPOT → LUNCH BAG PINK POLKADOT
frozenset({'LUNCH BAG PINK POLKADOT'}),frozenset({'LUNCH BAG RED RETROSPOT'}),0.0558237611675267,0.077243216247711,0.0307419122135286,0.5506958250497017,7.129374614382668,1.0,0.0264299053579048,2.0537462930415984,0.9105664889018078,0.3004338394793925,0.5130849397570915,0.474342165398414,LUNCH BAG PINK POLKADOT,LUNCH BAG RED RETROSPOT,LUNCH BAG PINK POLKADOT → LUNCH BAG RED RETROSPOT
frozenset({'LUNCH BAG  BLACK SKULL.'}),frozenset({'LUNCH BAG CARS BLUE'}),0.0674768325842073,0.0590977193274513,0.0279118805837633,0.4136513157894737,6.999446349147517,1.0,0.0239241536705964,1.604680467458372,0.9191530968902444,0.2829021372328459,0.3768229748668381,0.4429758926365209,LUNCH BAG  BLACK SKULL.,LUNCH BAG CARS BLUE,LUNCH BAG  BLACK SKULL. → LUNCH BAG CARS BLUE
frozenset({'LUNCH BAG CARS BLUE'}),frozenset({'LUNCH BAG  BLACK SKULL.'}),0.0590977193274513,0.0674768325842073,0.0279118805837633,0.4723004694835681,6.999446349147517,1.0,0.0239241536705964,1.7671479951918492,0.9109676688629724,0.2829021372328459,0.4341164391885379,0.4429758926365209,LUNCH BAG CARS BLUE,LUNCH BAG  BLACK SKULL.,LUNCH BAG CARS BLUE → LUNCH BAG  BLACK SKULL.
"frozenset({'JUMBO SHOPPER VINTAGE RED PAISLEY', 'JUMBO STORAGE BAG SUKI'})",frozenset({'JUMBO BAG RED RETROSPOT'}),0.0284667887464624,0.1073747294822706,0.0213084734476444,0.7485380116959065,6.971267963189629,1.0,0.018251859706764,3.549742354849576,0.8816518698594928,0.186046511627907,0.7182894136996103,0.4734938120495036,"JUMBO SHOPPER VINTAGE RED PAISLEY, JUMBO STORAGE BAG SUKI",JUMBO BAG RED RETROSPOT,"JUMBO SHOPPER VINTAGE RED PAISLEY, JUMBO STORAGE BAG SUKI → JUMBO BAG RED RETROSPOT"
frozenset({'JUMBO  BAG BAROQUE BLACK WHITE'}),frozenset({'JUMBO BAG PINK POLKADOT'}),0.0504966428056156,0.0643138560568225,0.0225847622218522,0.4472527472527473,6.954220671476928,1.0,0.0193371284050991,1.692792029797796,0.9017371327581136,0.2448856799037304,0.409259978545947,0.3992087722458732,JUMBO  BAG BAROQUE BLACK WHITE,JUMBO BAG PINK POLKADOT,JUMBO  BAG BAROQUE BLACK WHITE → JUMBO BAG PINK POLKADOT
frozenset({'JUMBO BAG PINK POLKADOT'}),frozenset({'JUMBO  BAG BAROQUE BLACK WHITE'}),0.0643138560568225,0.0504966428056156,0.0225847622218522,0.3511647972389992,6.954220671476928,1.0,0.0193371284050991,1.4633967965269834,0.9150530232845498,0.2448856799037304,0.3166583373878794,0.3992087722458732,JUMBO BAG PINK POLKADOT,JUMBO  BAG BAROQUE BLACK WHITE,JUMBO BAG PINK POLKADOT → JUMBO  BAG BAROQUE BLACK WHITE
frozenset({'JUMBO BAG PINK POLKADOT'}),frozenset({'JUMBO STORAGE BAG SUKI'}),0.0643138560568225,0.0627046223849952,0.0280228622163032,0.4357204486626402,6.94877717287561,1.0,0.0239900861581372,1.6610479245501384,0.9149326331043732,0.2830717488789238,0.3979704105943661,0.4413115517649484,JUMBO BAG PINK POLKADOT,JUMBO STORAGE BAG SUKI,JUMBO BAG PINK POLKADOT → JUMBO STORAGE BAG SUKI
frozenset({'JUMBO STORAGE BAG SUKI'}),frozenset({'JUMBO BAG PINK POLKADOT'}),0.0627046223849952,0.0643138560568225,0.0280228622163032,0.4469026548672565,6.948777172875609,1.0,0.0239900861581372,1.6917205482492643,0.9133617938195454,0.2830717488789238,0.4088858227590339,0.4413115517649484,JUMBO STORAGE BAG SUKI,JUMBO BAG PINK POLKADOT,JUMBO STORAGE BAG SUKI → JUMBO BAG PINK POLKADOT
frozenset({'JUMBO BAG PINK VINTAGE PAISLEY'}),frozenset({'JUMBO BAG PINK POLKADOT'}),0.0452250152599744,0.0643138560568225,0.0201986571222462,0.4466257668711656,6.944471910945018,1.0,0.0172900620006486,1.690874073866274,0.89654691757156,0.2260869565217391,0.408589903023679,0.3803448075080591,JUMBO BAG PINK VINTAGE PAISLEY,JUMBO BAG PINK POLKADOT,JUMBO BAG PINK VINTAGE PAISLEY → JUMBO BAG PINK POLKADOT
frozenset({'JUMBO BAG PINK POLKADOT'}),frozenset({'JUMBO BAG PINK VINTAGE PAISLEY'}),0.0643138560568225,0.0452250152599744,0.0201986571222462,0.3140638481449525,6.944471910945018,1.0,0.0172900620006486,1.391929820520364,0.9148372828689516,0.2260869565217391,0.2815729749750197,0.3803448075080591,JUMBO BAG PINK POLKADOT,JUMBO BAG PINK VINTAGE PAISLEY,JUMBO BAG PINK POLKADOT → JUMBO BAG PINK VINTAGE PAISLEY
frozenset({'LUNCH BAG  BLACK SKULL.'}),frozenset({'LUNCH BAG SPACEBOY DESIGN '}),0.0674768325842073,0.0575994672881638,0.0268020642583652,0.3972039473684211,6.895965641162155,1.0,0.0229154346472222,1.5633820569953516,0.9168540862394918,0.2727272727272727,0.360361086705901,0.4312609332217828,LUNCH BAG  BLACK SKULL.,LUNCH BAG SPACEBOY DESIGN ,LUNCH BAG  BLACK SKULL. → LUNCH BAG SPACEBOY DESIGN 
frozenset({'LUNCH BAG SPACEBOY DESIGN '}),frozenset({'LUNCH BAG  BLACK SKULL.'}),0.0575994672881638,0.0674768325842073,0.0268020642583652,0.4653179190751445,6.895965641162155,1.0,0.0229154346472222,1.7440703563560231,0.9072444750194112,0.2727272727272727,0.4266286355045033,0.4312609332217828,LUNCH BAG SPACEBOY DESIGN ,LUNCH BAG  BLACK SKULL.,LUNCH BAG SPACEBOY DESIGN  → LUNCH BAG  BLACK SKULL.
frozenset({'LUNCH BAG SUKI DESIGN '}),frozenset({'LUNCH BAG PINK POLKADOT'}),0.0566561234115753,0.0558237611675267,0.0216414183452638,0.3819784524975514,6.842578223119656,1.0,0.0184786604432581,1.5277399997590413,0.9051378582202112,0.238240684178375,0.3454383598271157,0.3848262043799884,LUNCH BAG SUKI DESIGN ,LUNCH BAG PINK POLKADOT,LUNCH BAG SUKI DESIGN  → LUNCH BAG PINK POLKADOT
frozenset({'LUNCH BAG PINK POLKADOT'}),frozenset({'LUNCH BAG SUKI DESIGN '}),0.0558237611675267,0.0566561234115753,0.0216414183452638,0.3876739562624254,6.842578223119655,1.0,0.0184786604432581,1.5405908114414857,0.9043399112397056,0.238240684178375,0.3508983744591276,0.3848262043799884,LUNCH BAG PINK POLKADOT,LUNCH BAG SUKI DESIGN ,LUNCH BAG PINK POLKADOT → LUNCH BAG SUKI DESIGN 
frozenset({'LUNCH BAG PINK POLKADOT'}),frozenset({'LUNCH BAG SPACEBOY DESIGN '}),0.0558237611675267,0.0575994672881638,0.0218633816103434,0.3916500994035785,6.799543777795654,1.0,0.0186479627050722,1.549109372398868,0.9033602778080256,0.2387878787878788,0.3544677878673902,0.3856131036516929,LUNCH BAG PINK POLKADOT,LUNCH BAG SPACEBOY DESIGN ,LUNCH BAG PINK POLKADOT → LUNCH BAG SPACEBOY DESIGN 
frozenset({'LUNCH BAG SPACEBOY DESIGN '}),frozenset({'LUNCH BAG PINK POLKADOT'}),0.0575994672881638,0.0558237611675267,0.0218633816103434,0.3795761078998073,6.7995437777956536,1.0,0.0186479627050722,1.521824434639918,0.9050624228289204,0.2387878787878788,0.3428939782816589,0.3856131036516929,LUNCH BAG SPACEBOY DESIGN ,LUNCH BAG PINK POLKADOT,LUNCH BAG SPACEBOY DESIGN  → LUNCH BAG PINK POLKADOT
frozenset({'LUNCH BAG WOODLAND'}),frozenset({'LUNCH BAG RED RETROSPOT'}),0.0482770101548193,0.077243216247711,0.0253038122190777,0.5241379310344828,6.785552913198574,1.0,0.021574740683896,1.939126574551912,0.8958784051259863,0.2524916943521594,0.4843039061382172,0.4258620689655172,LUNCH BAG WOODLAND,LUNCH BAG RED RETROSPOT,LUNCH BAG WOODLAND → LUNCH BAG RED RETROSPOT
frozenset({'LUNCH BAG RED RETROSPOT'}),frozenset({'LUNCH BAG WOODLAND'}),0.077243216247711,0.0482770101548193,0.0253038122190777,0.3275862068965517,6.785552913198574,1.0,0.021574740683896,1.415382907974884,0.9240008735531776,0.2524916943521594,0.293477408575754,0.4258620689655172,LUNCH BAG RED RETROSPOT,LUNCH BAG WOODLAND,LUNCH BAG RED RETROSPOT → LUNCH BAG WOODLAND
frozenset({'LUNCH BAG RED RETROSPOT'}),frozenset({'LUNCH BAG SUKI DESIGN '}),0.077243216247711,0.0566561234115753,0.0286332611952721,0.3706896551724138,6.542799486642575,1.0,0.0242569600028348,1.4990121874555788,0.9180753153289224,0.2720084343700579,0.3328940162271805,0.4380382653922793,LUNCH BAG RED RETROSPOT,LUNCH BAG SUKI DESIGN ,LUNCH BAG RED RETROSPOT → LUNCH BAG SUKI DESIGN 
frozenset({'LUNCH BAG SUKI DESIGN '}),frozenset({'LUNCH BAG RED RETROSPOT'}),0.0566561234115753,0.077243216247711,0.0286332611952721,0.5053868756121449,6.542799486642574,1.0,0.0242569600028348,1.8656132202199744,0.8980396716826267,0.2720084343700579,0.4639832151907188,0.4380382653922793,LUNCH BAG SUKI DESIGN ,LUNCH BAG RED RETROSPOT,LUNCH BAG SUKI DESIGN  → LUNCH BAG RED RETROSPOT
frozenset({'JUMBO STORAGE BAG SUKI'}),frozenset({'JUMBO BAG APPLES'}),0.0627046223849952,0.0491093723988679,0.0200321846734365,0.3194690265486725,6.505255737213139,1.0,0.0169528000216014,1.3972775152006232,0.9028937536766208,0.2182587666263603,0.2843225564562108,0.3636893155342233,JUMBO STORAGE BAG SUKI,JUMBO BAG APPLES,JUMBO STORAGE BAG SUKI → JUMBO BAG APPLES
frozenset({'JUMBO BAG APPLES'}),frozenset({'JUMBO STORAGE BAG SUKI'}),0.0491093723988679,0.0627046223849952,0.0200321846734365,0.407909604519774,6.505255737213139,1.0,0.0169528000216014,1.583027498452823,0.8899847335055906,0.2182587666263603,0.3682990339856046,0.3636893155342233,JUMBO BAG APPLES,JUMBO STORAGE BAG SUKI,JUMBO BAG APPLES → JUMBO STORAGE BAG SUKI
frozenset({'LUNCH BAG  BLACK SKULL.'}),frozenset({'LUNCH BAG RED RETROSPOT'}),0.0674768325842073,0.077243216247711,0.0336829254758337,0.4991776315789474,6.462413863997278,1.0,0.0284707979048212,1.8424831675579365,0.9064215119941064,0.3033483258370815,0.4572542004139883,0.467620424984876,LUNCH BAG  BLACK SKULL.,LUNCH BAG RED RETROSPOT,LUNCH BAG  BLACK SKULL. → LUNCH BAG RED RETROSPOT
frozenset({'LUNCH BAG RED RETROSPOT'}),frozenset({'LUNCH BAG  BLACK SKULL.'}),0.077243216247711,0.0674768325842073,0.0336829254758337,0.4360632183908046,6.462413863997278,1.0,0.0284707979048212,1.6535952217105525,0.9160150044537226,0.3033483258370815,0.3952570817388093,0.467620424984876,LUNCH BAG RED RETROSPOT,LUNCH BAG  BLACK SKULL.,LUNCH BAG RED RETROSPOT → LUNCH BAG  BLACK SKULL.
frozenset({'LUNCH BAG  BLACK SKULL.'}),frozenset({'LUNCH BAG APPLE DESIGN'}),0.0674768325842073,0.0507740968869652,0.0220298540591532,0.3264802631578948,6.430055543572046,1.0,0.0186037788238971,1.4093512798357148,0.9055864535938613,0.2289504036908881,0.2904536900718124,0.3801800222893299,LUNCH BAG  BLACK SKULL.,LUNCH BAG APPLE DESIGN,LUNCH BAG  BLACK SKULL. → LUNCH BAG APPLE DESIGN
frozenset({'LUNCH BAG APPLE DESIGN'}),frozenset({'LUNCH BAG  BLACK SKULL.'}),0.0507740968869652,0.0674768325842073,0.0220298540591532,0.433879781420765,6.4300555435720455,1.0,0.0186037788238971,1.647217564064576,0.8896516048547198,0.2289504036908881,0.3929156525429103,0.3801800222893299,LUNCH BAG APPLE DESIGN,LUNCH BAG  BLACK SKULL.,LUNCH BAG APPLE DESIGN → LUNCH BAG  BLACK SKULL.
frozenset({'DOTCOM POSTAGE'}),frozenset({'JUMBO BAG RED RETROSPOT'}),0.0391765162865545,0.1073747294822706,0.026913045890905,0.6869688385269122,6.397863276017304,1.0,0.0227064780525784,2.8515540316086736,0.8780986630387216,0.2249536178107606,0.6493140270479599,0.4688074166794768,DOTCOM POSTAGE,JUMBO BAG RED RETROSPOT,DOTCOM POSTAGE → JUMBO BAG RED RETROSPOT
frozenset({'JUMBO BAG PINK POLKADOT'}),frozenset({'JUMBO BAG RED RETROSPOT'}),0.0643138560568225,0.1073747294822706,0.0435602907718772,0.6773080241587576,6.307890389335902,1.0,0.0366546078758142,2.766183659171252,0.8993062454529728,0.3399740147249891,0.6384911042748335,0.5414963893403607,JUMBO BAG PINK POLKADOT,JUMBO BAG RED RETROSPOT,JUMBO BAG PINK POLKADOT → JUMBO BAG RED RETROSPOT
frozenset({'JUMBO BAG RED RETROSPOT'}),frozenset({'JUMBO BAG PINK POLKADOT'}),0.1073747294822706,0.0643138560568225,0.0435602907718772,0.4056847545219638,6.307890389335902,1.0,0.0366546078758142,1.5743936422000415,0.9426894138274292,0.3399740147249891,0.3648348334266581,0.5414963893403607,JUMBO BAG RED RETROSPOT,JUMBO BAG PINK POLKADOT,JUMBO BAG RED RETROSPOT → JUMBO BAG PINK POLKADOT
frozenset({'JUMBO BAG SCANDINAVIAN BLUE PAISLEY'}),frozenset({'JUMBO BAG RED RETROSPOT'}),0.0352366683313911,0.1073747294822706,0.0237500693635203,0.674015748031496,6.2772288347677465,1.0,0.0199665416335807,2.7382466027959325,0.8713992405534154,0.199813258636788,0.6348027971699359,0.447602189261226,JUMBO BAG SCANDINAVIAN BLUE PAISLEY,JUMBO BAG RED RETROSPOT,JUMBO BAG SCANDINAVIAN BLUE PAISLEY → JUMBO BAG RED RETROSPOT
frozenset({'LUNCH BAG RED RETROSPOT'}),frozenset({'LUNCH BAG SPACEBOY DESIGN '}),0.077243216247711,0.0575994672881638,0.0278008989512235,0.3599137931034483,6.248561142116803,1.0,0.0233517308437309,1.472302515751825,0.9102757861509526,0.2597200622083981,0.3207917603201579,0.4212863763205102,LUNCH BAG RED RETROSPOT,LUNCH BAG SPACEBOY DESIGN ,LUNCH BAG RED RETROSPOT → LUNCH BAG SPACEBOY DESIGN 
frozenset({'LUNCH BAG SPACEBOY DESIGN '}),frozenset({'LUNCH BAG RED RETROSPOT'}),0.0575994672881638,0.077243216247711,0.0278008989512235,0.4826589595375722,6.248561142116802,1.0,0.0233517308437309,1.7836527775323576,0.8913016574164866,0.2597200622083981,0.4393527638358644,0.4212863763205102,LUNCH BAG SPACEBOY DESIGN ,LUNCH BAG RED RETROSPOT,LUNCH BAG SPACEBOY DESIGN  → LUNCH BAG RED RETROSPOT
frozenset({'JUMBO SHOPPER VINTAGE RED PAISLEY'}),frozenset({'JUMBO BAG PINK POLKADOT'}),0.062871094833805,0.0643138560568225,0.0251928305865379,0.4007060900264784,6.230478385131293,1.0,0.0211493480432617,1.5613142873160828,0.8958198559256424,0.2470076169749728,0.3595139632527083,0.3962115437190201,JUMBO SHOPPER VINTAGE RED PAISLEY,JUMBO BAG PINK POLKADOT,JUMBO SHOPPER VINTAGE RED PAISLEY → JUMBO BAG PINK POLKADOT
frozenset({'JUMBO BAG PINK POLKADOT'}),frozenset({'JUMBO SHOPPER VINTAGE RED PAISLEY'}),0.0643138560568225,0.062871094833805,0.0251928305865379,0.3917169974115617,6.230478385131293,1.0,0.0211493480432617,1.540613334876057,0.8972011461791156,0.2470076169749728,0.3509078641848505,0.3962115437190201,JUMBO BAG PINK POLKADOT,JUMBO SHOPPER VINTAGE RED PAISLEY,JUMBO BAG PINK POLKADOT → JUMBO SHOPPER VINTAGE RED PAISLEY
frozenset({'LUNCH BAG CARS BLUE'}),frozenset({'LUNCH BAG RED RETROSPOT'}),0.0590977193274513,0.077243216247711,0.0282448254813828,0.4779342723004695,6.187394770924397,1.0,0.0236799275676259,1.7675107458564527,0.8910394915581806,0.2612936344969199,0.4342325768913801,0.4217975959203496,LUNCH BAG CARS BLUE,LUNCH BAG RED RETROSPOT,LUNCH BAG CARS BLUE → LUNCH BAG RED RETROSPOT
frozenset({'LUNCH BAG RED RETROSPOT'}),frozenset({'LUNCH BAG CARS BLUE'}),0.077243216247711,0.0590977193274513,0.0282448254813828,0.3656609195402298,6.187394770924396,1.0,0.0236799275676259,1.4832796995426814,0.9085612856371704,0.2612936344969199,0.3258183198298232,0.4217975959203496,LUNCH BAG RED RETROSPOT,LUNCH BAG CARS BLUE,LUNCH BAG RED RETROSPOT → LUNCH BAG CARS BLUE
frozenset({'LUNCH BAG APPLE DESIGN'}),frozenset({'LUNCH BAG RED RETROSPOT'}),0.0507740968869652,0.077243216247711,0.02391654181233,0.4710382513661202,6.098118051629923,1.0,0.0199945872667079,1.7444678866391414,0.8807334260539511,0.2297441364605544,0.4267592956803688,0.3903323440738647,LUNCH BAG APPLE DESIGN,LUNCH BAG RED RETROSPOT,LUNCH BAG APPLE DESIGN → LUNCH BAG RED RETROSPOT
frozenset({'LUNCH BAG RED RETROSPOT'}),frozenset({'LUNCH BAG APPLE DESIGN'}),0.077243216247711,0.0507740968869652,0.02391654181233,0.3096264367816091,6.098118051629922,1.0,0.0199945872667079,1.3749453248005663,0.905997112639298,0.2297441364605544,0.2726983524635437,0.3903323440738647,LUNCH BAG RED RETROSPOT,LUNCH BAG APPLE DESIGN,LUNCH BAG RED RETROSPOT → LUNCH BAG APPLE DESIGN
frozenset({'JUMBO BAG STRAWBERRY'}),frozenset({'JUMBO BAG RED RETROSPOT'}),0.0437822540369568,0.1073747294822706,0.0286332611952721,0.6539923954372624,6.090747782002535,1.0,0.0239321535119298,2.579785122485306,0.8740860027855153,0.233695652173913,0.6123708167459223,0.4603295310519645,JUMBO BAG STRAWBERRY,JUMBO BAG RED RETROSPOT,JUMBO BAG STRAWBERRY → JUMBO BAG RED RETROSPOT
frozenset({'JUMBO BAG WOODLAND ANIMALS'}),frozenset({'JUMBO BAG RED RETROSPOT'}),0.0407857499583818,0.1073747294822706,0.026302646911936,0.6448979591836734,6.006049675684227,1.0,0.0219232880434232,2.513714842262571,0.8689416473710341,0.2158469945355191,0.6021824022410157,0.4449295997468754,JUMBO BAG WOODLAND ANIMALS,JUMBO BAG RED RETROSPOT,JUMBO BAG WOODLAND ANIMALS → JUMBO BAG RED RETROSPOT
frozenset({'JUMBO BAG SPACEBOY DESIGN'}),frozenset({'JUMBO BAG RED RETROSPOT'}),0.0345152877198823,0.1073747294822706,0.0216414183452638,0.6270096463022508,5.839452628430419,1.0,0.0179353486633387,2.393159130439774,0.8583782445498634,0.1799723119520073,0.5821422874557293,0.414280016949575,JUMBO BAG SPACEBOY DESIGN,JUMBO BAG RED RETROSPOT,JUMBO BAG SPACEBOY DESIGN → JUMBO BAG RED RETROSPOT
frozenset({'JUMBO  BAG BAROQUE BLACK WHITE'}),frozenset({'JUMBO BAG RED RETROSPOT'}),0.0504966428056156,0.1073747294822706,0.0316297652738471,0.6263736263736264,5.833529261436238,1.0,0.0262077019128313,2.3890852828562754,0.8726427136744908,0.2505494505494505,0.5814297600944375,0.4604736348922396,JUMBO  BAG BAROQUE BLACK WHITE,JUMBO BAG RED RETROSPOT,JUMBO  BAG BAROQUE BLACK WHITE → JUMBO BAG RED RETROSPOT
frozenset({'JUMBO BAG RED RETROSPOT'}),frozenset({'JUMBO STORAGE BAG SUKI'}),0.1073747294822706,0.0627046223849952,0.0387325897563953,0.3607235142118863,5.752741990807436,1.0,0.0319996978905185,1.4661815324858805,0.9255505953494236,0.2948880439374736,0.3179562163052751,0.489211314628067,JUMBO BAG RED RETROSPOT,JUMBO STORAGE BAG SUKI,JUMBO BAG RED RETROSPOT → JUMBO STORAGE BAG SUKI
frozenset({'JUMBO STORAGE BAG SUKI'}),frozenset({'JUMBO BAG RED RETROSPOT'}),0.0627046223849952,0.1073747294822706,0.0387325897563953,0.6176991150442478,5.752741990807436,1.0,0.0319996978905185,2.3348762863079493,0.8814402271500106,0.2948880439374736,0.5717117836760157,0.489211314628067,JUMBO STORAGE BAG SUKI,JUMBO BAG RED RETROSPOT,JUMBO STORAGE BAG SUKI → JUMBO BAG RED RETROSPOT
frozenset({'JUMBO BAG OWLS'}),frozenset({'JUMBO BAG RED RETROSPOT'}),0.0342378336385328,0.1073747294822706,0.0205316020198657,0.59967585089141,5.58488811830186,1.0,0.0168553238948692,2.229756242548336,0.8500492275773821,0.1695692025664528,0.5515204842045318,0.3954451605878238,JUMBO BAG OWLS,JUMBO BAG RED RETROSPOT,JUMBO BAG OWLS → JUMBO BAG RED RETROSPOT
frozenset({'JUMBO BAG PINK VINTAGE PAISLEY'}),frozenset({'JUMBO BAG RED RETROSPOT'}),0.0452250152599744,0.1073747294822706,0.0270795183397147,0.5987730061349693,5.576479764112808,1.0,0.0222234945603434,2.22473882407324,0.8595484943300373,0.2157382847038019,0.5505090354070796,0.4254846942819549,JUMBO BAG PINK VINTAGE PAISLEY,JUMBO BAG RED RETROSPOT,JUMBO BAG PINK VINTAGE PAISLEY → JUMBO BAG RED RETROSPOT
frozenset({'RED HANGING HEART T-LIGHT HOLDER'}),frozenset({'WHITE HANGING HEART T-LIGHT HOLDER'}),0.0390655346540147,0.1199711447755396,0.0259697020143166,0.6647727272727274,5.541105142544783,1.0,0.0212829651006059,2.625170822364493,0.8528475303898299,0.195162635529608,0.6190724079817026,0.440619481120175,RED HANGING HEART T-LIGHT HOLDER,WHITE HANGING HEART T-LIGHT HOLDER,RED HANGING HEART T-LIGHT HOLDER → WHITE HANGING HEART T-LIGHT HOLDER
frozenset({'JUMBO STORAGE BAG SKULLS'}),frozenset({'JUMBO BAG RED RETROSPOT'}),0.0379557183286166,0.1073747294822706,0.0224737805893124,0.5921052631578948,5.514381884944921,1.0,0.018398295601472,2.1883716309466914,0.8509546057564746,0.1829268292682926,0.5430392233848329,0.4007037943696451,JUMBO STORAGE BAG SKULLS,JUMBO BAG RED RETROSPOT,JUMBO STORAGE BAG SKULLS → JUMBO BAG RED RETROSPOT
frozenset({'JUMBO SHOPPER VINTAGE RED PAISLEY'}),frozenset({'JUMBO BAG RED RETROSPOT'}),0.062871094833805,0.1073747294822706,0.0364574662893291,0.5798764342453664,5.4004926209487065,1.0,0.0297066994892951,2.1246731754129997,0.8694979980921852,0.2725010369141435,0.5293393771935688,0.4597056589831483,JUMBO SHOPPER VINTAGE RED PAISLEY,JUMBO BAG RED RETROSPOT,JUMBO SHOPPER VINTAGE RED PAISLEY → JUMBO BAG RED RETROSPOT
frozenset({'JUMBO BAG RED RETROSPOT'}),frozenset({'JUMBO SHOPPER VINTAGE RED PAISLEY'}),0.1073747294822706,0.062871094833805,0.0364574662893291,0.3395348837209302,5.4004926209487065,1.0,0.0297066994892951,1.418892356413605,0.912848575890888,0.2725010369141435,0.2952249016778117,0.4597056589831483,JUMBO BAG RED RETROSPOT,JUMBO SHOPPER VINTAGE RED PAISLEY,JUMBO BAG RED RETROSPOT → JUMBO SHOPPER VINTAGE RED PAISLEY
frozenset({'JUMBO BAG APPLES'}),frozenset({'JUMBO BAG RED RETROSPOT'}),0.0491093723988679,0.1073747294822706,0.0281893346651129,0.5740112994350283,5.345869574738318,1.0,0.0229162290887403,2.09542006474321,0.8549244993272901,0.2197231833910034,0.5227687198258514,0.4182717995883152,JUMBO BAG APPLES,JUMBO BAG RED RETROSPOT,JUMBO BAG APPLES → JUMBO BAG RED RETROSPOT
frozenset({'RECYCLING BAG RETROSPOT '}),frozenset({'JUMBO BAG RED RETROSPOT'}),0.0393984795516342,0.1073747294822706,0.0223073081405027,0.5661971830985916,5.273095316082542,1.0,0.0180769070566332,2.057675136583077,0.8435944016271252,0.1792242532322782,0.5140146361195896,0.3869745605415438,RECYCLING BAG RETROSPOT ,JUMBO BAG RED RETROSPOT,RECYCLING BAG RETROSPOT  → JUMBO BAG RED RETROSPOT
frozenset({'RECIPE BOX PANTRY YELLOW DESIGN'}),frozenset({'SET OF 3 CAKE TINS PANTRY DESIGN '}),0.0569890683091948,0.068864102990955,0.0205316020198657,0.3602726387536514,5.231646432699076,1.0,0.0166071009504627,1.4555198877142912,0.8577372299921434,0.1949420442571127,0.3129602635863857,0.3292096473381473,RECIPE BOX PANTRY YELLOW DESIGN,SET OF 3 CAKE TINS PANTRY DESIGN ,RECIPE BOX PANTRY YELLOW DESIGN → SET OF 3 CAKE TINS PANTRY DESIGN 
frozenset({'GREEN REGENCY TEACUP AND SAUCER'}),frozenset({'REGENCY CAKESTAND 3 TIER'}),0.0517174407635536,0.0935020254147938,0.0251928305865379,0.4871244635193133,5.2097744552412735,1.0,0.020357145125876,1.7674814065134146,0.8521227169601592,0.2098936662043458,0.4342231854236988,0.3782803326498644,GREEN REGENCY TEACUP AND SAUCER,REGENCY CAKESTAND 3 TIER,GREEN REGENCY TEACUP AND SAUCER → REGENCY CAKESTAND 3 TIER
frozenset({'RED RETROSPOT CHARLOTTE BAG'}),frozenset({'LUNCH BAG RED RETROSPOT'}),0.0501082070917263,0.077243216247711,0.0200321846734365,0.3997785160575858,5.175580918012755,1.0,0.0161616655972652,1.537360471823463,0.8493440835471824,0.186659772492244,0.3495344661659603,0.3295587982586779,RED RETROSPOT CHARLOTTE BAG,LUNCH BAG RED RETROSPOT,RED RETROSPOT CHARLOTTE BAG → LUNCH BAG RED RETROSPOT
frozenset({'ROSES REGENCY TEACUP AND SAUCER '}),frozenset({'REGENCY CAKESTAND 3 TIER'}),0.0530492203540314,0.0935020254147938,0.0251928305865379,0.4748953974895397,5.078985138373291,1.0,0.0202326210367602,1.7263188519989188,0.848101389994979,0.2075903063557384,0.4207327349509669,0.3721657996349776,ROSES REGENCY TEACUP AND SAUCER ,REGENCY CAKESTAND 3 TIER,ROSES REGENCY TEACUP AND SAUCER  → REGENCY CAKESTAND 3 TIER
frozenset({'SPOTTY BUNTING'}),frozenset({'PARTY BUNTING'}),0.0577104489207036,0.0883968703179623,0.0250818489539981,0.4346153846153846,4.916637693756337,1.0,0.0199804258847632,1.612359276988638,0.845397224279296,0.2072443833104081,0.3797908355340788,0.3591783765512579,SPOTTY BUNTING,PARTY BUNTING,SPOTTY BUNTING → PARTY BUNTING
frozenset({'JUMBO BAG VINTAGE LEAF'}),frozenset({'JUMBO BAG RED RETROSPOT'}),0.0452805060762443,0.1073747294822706,0.0224182897730425,0.4950980392156862,4.6109363125095,1.0,0.0175563076822855,1.7679180115108426,0.8202663858364913,0.1721346399659139,0.4343629096547234,0.3519417844657242,JUMBO BAG VINTAGE LEAF,JUMBO BAG RED RETROSPOT,JUMBO BAG VINTAGE LEAF → JUMBO BAG RED RETROSPOT
frozenset({'JUMBO BAG ALPHABET'}),frozenset({'JUMBO BAG RED RETROSPOT'}),0.0470562121968814,0.1073747294822706,0.0220298540591532,0.4681603773584906,4.360061064794501,1.0,0.0169772060040527,1.678373014188547,0.8086997616931622,0.1663872590108968,0.4041848912332065,0.3366641680074107,JUMBO BAG ALPHABET,JUMBO BAG RED RETROSPOT,JUMBO BAG ALPHABET → JUMBO BAG RED RETROSPOT
frozenset({'RED RETROSPOT CHARLOTTE BAG'}),frozenset({'JUMBO BAG RED RETROSPOT'}),0.0501082070917263,0.1073747294822706,0.0213639642639143,0.4263565891472868,3.970734931794965,1.0,0.0159836090825986,1.5560629715782042,0.7876238727973743,0.1569506726457399,0.3573524862006251,0.3126614987080103,RED RETROSPOT CHARLOTTE BAG,JUMBO BAG RED RETROSPOT,RED RETROSPOT CHARLOTTE BAG → JUMBO BAG RED RETROSPOT
frozenset({'LUNCH BAG RED RETROSPOT'}),frozenset({'JUMBO BAG RED RETROSPOT'}),0.077243216247711,0.1073747294822706,0.0294656234393207,0.3814655172413793,3.552656375300721,1.0,0.0211716539903822,1.443129357213332,0.7786672456021797,0.1899141630901287,0.3070614252273341,0.327942060946271,LUNCH BAG RED RETROSPOT,JUMBO BAG RED RETROSPOT,LUNCH BAG RED RETROSPOT → JUMBO BAG RED RETROSPOT
frozenset({'WOODEN PICTURE FRAME WHITE FINISH'}),frozenset({'WHITE HANGING HEART T-LIGHT HOLDER'}),0.0597081183064202,0.1199711447755396,0.0224182897730425,0.3754646840148699,3.129624917036064,1.0,0.0152550384674279,1.4090938217582134,0.7236826190733561,0.1425546930134086,0.2903240475838306,0.2811643494079899,WOODEN PICTURE FRAME WHITE FINISH,WHITE HANGING HEART T-LIGHT HOLDER,WOODEN PICTURE FRAME WHITE FINISH → WHITE HANGING HEART T-LIGHT HOLDER
frozenset({'NATURAL SLATE HEART CHALKBOARD '}),frozenset({'WHITE HANGING HEART T-LIGHT HOLDER'}),0.067643305033017,0.1199711447755396,0.022751234670662,0.3363412633305988,2.8035179955970038,1.0,0.0146359899294499,1.3260261736942116,0.6899776739702881,0.1380006731740155,0.2458670727335091,0.2629902431361597,NATURAL SLATE HEART CHALKBOARD ,WHITE HANGING HEART T-LIGHT HOLDER,NATURAL SLATE HEART CHALKBOARD  → WHITE HANGING HEART T-LIGHT HOLDER
frozenset({'LUNCH BAG  BLACK SKULL.'}),frozenset({'JUMBO BAG RED RETROSPOT'}),0.0674768325842073,0.1073747294822706,0.0202541479385161,0.3001644736842105,2.7954852611179115,1.0,0.0130088412934664,1.2754786474142878,0.6887553850982054,0.1310122038765254,0.215980603025187,0.2443974823201414,LUNCH BAG  BLACK SKULL.,JUMBO BAG RED RETROSPOT,LUNCH BAG  BLACK SKULL. → JUMBO BAG RED RETROSPOT
frozenset({'HEART OF WICKER SMALL'}),frozenset({'WHITE HANGING HEART T-LIGHT HOLDER'}),0.0645913101381721,0.1199711447755396,0.0208090561012152,0.3221649484536082,2.6853536244599785,1.0,0.0130599626813868,1.2982935202550974,0.6709469063297145,0.1270755676042019,0.2297581522216075,0.2478077286208836,HEART OF WICKER SMALL,WHITE HANGING HEART T-LIGHT HOLDER,HEART OF WICKER SMALL → WHITE HANGING HEART T-LIGHT HOLDER
